location,month,total_deaths
Brazil,2,
Brazil,2,
Brazil,2,
Brazil,2,
Brazil,3,
Brazil,3,
Brazil,3,
Brazil,3,
Brazil,3,
Brazil,3,
Brazil,3,
Brazil,3,
Brazil,3,
Brazil,3,
Brazil,3,
Brazil,3,
Brazil,3,
Brazil,3,
Brazil,3,
Brazil,3,
Brazil,3,1.0
Brazil,3,3.0
Brazil,3,6.0
Brazil,3,11.0
Brazil,3,15.0
Brazil,3,25.0
Brazil,3,34.0
Brazil,3,46.0
Brazil,3,59.0
Brazil,3,77.0
Brazil,3,92.0
Brazil,3,111.0
Brazil,3,136.0
Brazil,3,159.0
Brazil,3,201.0
Brazil,4,240.0
Brazil,4,324.0
Brazil,4,359.0
Brazil,4,445.0
Brazil,4,486.0
Brazil,4,564.0
Brazil,4,686.0
Brazil,4,819.0
Brazil,4,950.0
Brazil,4,1057.0
Brazil,4,1124.0
Brazil,4,1223.0
Brazil,4,1328.0
Brazil,4,1532.0
Brazil,4,1736.0
Brazil,4,1924.0
Brazil,4,2141.0
Brazil,4,2354.0
Brazil,4,2462.0
Brazil,4,2587.0
Brazil,4,2741.0
Brazil,4,2906.0
Brazil,4,3331.0
Brazil,4,3704.0
Brazil,4,4057.0
Brazil,4,4286.0
Brazil,4,4603.0
Brazil,4,5083.0
Brazil,4,5513.0
Brazil,4,6006.0
Brazil,5,6412.0
Brazil,5,6761.0
Brazil,5,7051.0
Brazil,5,7367.0
Brazil,5,7938.0
Brazil,5,8588.0
Brazil,5,9190.0
Brazil,5,10017.0
Brazil,5,10656.0
Brazil,5,11123.0
Brazil,5,11653.0
Brazil,5,12461.0
Brazil,5,13240.0
Brazil,5,13999.0
Brazil,5,14962.0
Brazil,5,15662.0
Brazil,5,16118.0
Brazil,5,16853.0
Brazil,5,17983.0
Brazil,5,18859.0
Brazil,5,20047.0
Brazil,5,21048.0
Brazil,5,22013.0
Brazil,5,22666.0
Brazil,5,23473.0
Brazil,5,24512.0
Brazil,5,25598.0
Brazil,5,26754.0
Brazil,5,27878.0
Brazil,5,28834.0
Brazil,5,29314.0
Brazil,6,29937.0
Brazil,6,31199.0
Brazil,6,32548.0
Brazil,6,34021.0
Brazil,6,35026.0
Brazil,6,35930.0
Brazil,6,36455.0
Brazil,6,37134.0
Brazil,6,38406.0
Brazil,6,39680.0
Brazil,6,40919.0
Brazil,6,41828.0
Brazil,6,42720.0
Brazil,6,43332.0
Brazil,6,43959.0
Brazil,6,45241.0
Brazil,6,46510.0
Brazil,6,47748.0
Brazil,6,48954.0
Brazil,6,49976.0
Brazil,6,50591.0
Brazil,6,51271.0
Brazil,6,52645.0
Brazil,6,53830.0
Brazil,6,54971.0
Brazil,6,55961.0
Brazil,6,57070.0
Brazil,6,57622.0
Brazil,6,58314.0
Brazil,6,59594.0
Brazil,7,60632.0
Brazil,7,61884.0
Brazil,7,63174.0
Brazil,7,64265.0
Brazil,7,64867.0
Brazil,7,65487.0
Brazil,7,66741.0
Brazil,7,67964.0
Brazil,7,69184.0
Brazil,7,70398.0
Brazil,7,71469.0
Brazil,7,72100.0
Brazil,7,72833.0
Brazil,7,74133.0
Brazil,7,75366.0
Brazil,7,76688.0
Brazil,7,77851.0
Brazil,7,78772.0
Brazil,7,79488.0
Brazil,7,80120.0
Brazil,7,81487.0
Brazil,7,82771.0
Brazil,7,84082.0
Brazil,7,85238.0
Brazil,7,86449.0
Brazil,7,87004.0
Brazil,7,87618.0
Brazil,7,88539.0
Brazil,7,90134.0
Brazil,7,91263.0
Brazil,7,92475.0
Brazil,8,93563.0
Brazil,8,94104.0
Brazil,8,94665.0
Brazil,8,95819.0
Brazil,8,97256.0
Brazil,8,98493.0
Brazil,8,99572.0
Brazil,8,100477.0
Brazil,8,101049.0
Brazil,8,101752.0
Brazil,8,103026.0
Brazil,8,104201.0
Brazil,8,105463.0
Brazil,8,106523.0
Brazil,8,107232.0
Brazil,8,107852.0
Brazil,8,108536.0
Brazil,8,109888.0
Brazil,8,111100.0
Brazil,8,112304.0
Brazil,8,113358.0
Brazil,8,114250.0
Brazil,8,114744.0
Brazil,8,115309.0
Brazil,8,116580.0
Brazil,8,117665.0
Brazil,8,118649.0
Brazil,8,119504.0
Brazil,8,120262.0
Brazil,8,120828.0
Brazil,8,121381.0
Brazil,9,122596.0
Brazil,9,123780.0
Brazil,9,124614.0
Brazil,9,125502.0
Brazil,9,126203.0
Brazil,9,126650.0
Brazil,9,126960.0
Brazil,9,127464.0
Brazil,9,128539.0
Brazil,9,129522.0
Brazil,9,130396.0
Brazil,9,131210.0
Brazil,9,131625.0
Brazil,9,132006.0
Brazil,9,133119.0
Brazil,9,134106.0
Brazil,9,134935.0
Brazil,9,135793.0
Brazil,9,136532.0
Brazil,9,136895.0
Brazil,9,137272.0
Brazil,9,138105.0
Brazil,9,138105.0
Brazil,9,139808.0
Brazil,9,140537.0
Brazil,9,141406.0
Brazil,9,141741.0
Brazil,9,142058.0
Brazil,9,142921.0
Brazil,9,143952.0
Brazil,10,144680.0
Brazil,10,144680.0
Brazil,10,145987.0
Brazil,10,146352.0
Brazil,10,146675.0
Brazil,10,147494.0
Brazil,10,148228.0
Brazil,10,148957.0
Brazil,10,149639.0
Brazil,10,150198.0
Brazil,10,150488.0
Brazil,10,150689.0
Brazil,10,150998.0
Brazil,10,151747.0
Brazil,10,152460.0
Brazil,10,153214.0
Brazil,10,153675.0
Brazil,10,153675.0
Brazil,10,154176.0
Brazil,10,154837.0
Brazil,10,155403.0
Brazil,10,155900.0
Brazil,10,156471.0
Brazil,10,156903.0
Brazil,10,157134.0
Brazil,10,157397.0
Brazil,10,157946.0
Brazil,10,158456.0
Brazil,10,158969.0
Brazil,10,159477.0
Brazil,10,159884.0
Brazil,11,160074.0
Brazil,11,160253.0
Brazil,11,160496.0
Brazil,11,161106.0
Brazil,11,161106.0
Brazil,11,162015.0
Brazil,11,162269.0
Brazil,11,162397.0
Brazil,11,162628.0
Brazil,11,162802.0
Brazil,11,163368.0
Brazil,11,164281.0
Brazil,11,164737.0
Brazil,11,165658.0
Brazil,11,165798.0
Brazil,11,166014.0
Brazil,11,166699.0
Brazil,11,167455.0
Brazil,11,168061.0
Brazil,11,168613.0
Brazil,11,168989.0
Brazil,11,169183.0
Brazil,11,169485.0
Brazil,11,170115.0
Brazil,11,170769.0
Brazil,11,171460.0
Brazil,11,171974.0
Brazil,11,172561.0
Brazil,11,172833.0
Brazil,11,173120.0
Brazil,12,173817.0
Brazil,12,174515.0
Brazil,12,175270.0
Brazil,12,175964.0
Brazil,12,176628.0
Brazil,12,176941.0
Brazil,12,177317.0
Brazil,12,178159.0
Brazil,12,178995.0
Brazil,12,179765.0
Brazil,12,180437.0
Brazil,12,181123.0
Brazil,12,181402.0
Brazil,12,181835.0
Brazil,12,182799.0
Brazil,12,183735.0
Brazil,12,184827.0
Brazil,12,185650.0
Brazil,12,186356.0
Brazil,12,186764.0
Brazil,12,187291.0
Brazil,12,188259.0
Brazil,12,189220.0
Brazil,12,189982.0
Brazil,12,190488.0
Brazil,12,190795.0
Brazil,12,191139.0
Brazil,12,191570.0
Brazil,12,192681.0
Brazil,12,193875.0
Brazil,12,194949.0
Canada,1,
Canada,1,
Canada,1,
Canada,1,
Canada,1,
Canada,1,
Canada,2,
Canada,2,
Canada,2,
Canada,2,
Canada,2,
Canada,2,
Canada,2,
Canada,2,
Canada,2,
Canada,2,
Canada,2,
Canada,2,
Canada,2,
Canada,2,
Canada,2,
Canada,2,
Canada,2,
Canada,2,
Canada,2,
Canada,2,
Canada,2,
Canada,2,
Canada,2,
Canada,2,
Canada,2,
Canada,2,
Canada,2,
Canada,2,
Canada,2,
Canada,3,
Canada,3,
Canada,3,
Canada,3,
Canada,3,
Canada,3,
Canada,3,
Canada,3,
Canada,3,1.0
Canada,3,1.0
Canada,3,1.0
Canada,3,1.0
Canada,3,1.0
Canada,3,1.0
Canada,3,1.0
Canada,3,4.0
Canada,3,6.0
Canada,3,11.0
Canada,3,11.0
Canada,3,15.0
Canada,3,19.0
Canada,3,22.0
Canada,3,29.0
Canada,3,33.0
Canada,3,42.0
Canada,3,57.0
Canada,3,66.0
Canada,3,82.0
Canada,3,96.0
Canada,3,125.0
Canada,3,152.0
Canada,4,175.0
Canada,4,224.0
Canada,4,277.0
Canada,4,360.0
Canada,4,435.0
Canada,4,520.0
Canada,4,581.0
Canada,4,648.0
Canada,4,771.0
Canada,4,867.0
Canada,4,986.0
Canada,4,1095.0
Canada,4,1225.0
Canada,4,1361.0
Canada,4,1515.0
Canada,4,1718.0
Canada,4,1844.0
Canada,4,1987.0
Canada,4,2145.0
Canada,4,2291.0
Canada,4,2484.0
Canada,4,2679.0
Canada,4,2850.0
Canada,4,3030.0
Canada,4,3217.0
Canada,4,3374.0
Canada,4,3559.0
Canada,4,3756.0
Canada,4,4000.0
Canada,4,4179.0
Canada,5,4381.0
Canada,5,4529.0
Canada,5,4669.0
Canada,5,4911.0
Canada,5,5081.0
Canada,5,5240.0
Canada,5,5387.0
Canada,5,5540.0
Canada,5,5704.0
Canada,5,5822.0
Canada,5,5956.0
Canada,5,6107.0
Canada,5,6210.0
Canada,5,6331.0
Canada,5,6452.0
Canada,5,6571.0
Canada,5,6661.0
Canada,5,6753.0
Canada,5,6828.0
Canada,5,6950.0
Canada,5,7046.0
Canada,5,7144.0
Canada,5,7238.0
Canada,5,7326.0
Canada,5,7420.0
Canada,5,7512.0
Canada,5,7606.0
Canada,5,7717.0
Canada,5,7797.0
Canada,5,7857.0
Canada,5,7906.0
Canada,6,7952.0
Canada,6,8008.0
Canada,6,8062.0
Canada,6,8126.0
Canada,6,8166.0
Canada,6,8228.0
Canada,6,8269.0
Canada,6,8313.0
Canada,6,8347.0
Canada,6,8382.0
Canada,6,8413.0
Canada,6,8442.0
Canada,6,8470.0
Canada,6,8489.0
Canada,6,8497.0
Canada,6,8521.0
Canada,6,8542.0
Canada,6,8555.0
Canada,6,8580.0
Canada,6,8609.0
Canada,6,8626.0
Canada,6,8646.0
Canada,6,8670.0
Canada,6,8700.0
Canada,6,8723.0
Canada,6,8730.0
Canada,6,8739.0
Canada,6,8749.0
Canada,6,8768.0
Canada,6,8780.0
Canada,7,8790.0
Canada,7,8806.0
Canada,7,8813.0
Canada,7,8821.0
Canada,7,8823.0
Canada,7,8836.0
Canada,7,8843.0
Canada,7,8855.0
Canada,7,8865.0
Canada,7,8879.0
Canada,7,8882.0
Canada,7,8887.0
Canada,7,8895.0
Canada,7,8900.0
Canada,7,8914.0
Canada,7,8926.0
Canada,7,8936.0
Canada,7,8939.0
Canada,7,8943.0
Canada,7,8947.0
Canada,7,8954.0
Canada,7,8958.0
Canada,7,8966.0
Canada,7,8970.0
Canada,7,8974.0
Canada,7,8978.0
Canada,7,8991.0
Canada,7,9001.0
Canada,7,9006.0
Canada,7,9019.0
Canada,7,9025.0
Canada,8,9029.0
Canada,8,9032.0
Canada,8,9035.0
Canada,8,9043.0
Canada,8,9049.0
Canada,8,9055.0
Canada,8,9060.0
Canada,8,9064.0
Canada,8,9067.0
Canada,8,9074.0
Canada,8,9080.0
Canada,8,9085.0
Canada,8,9091.0
Canada,8,9095.0
Canada,8,9101.0
Canada,8,9106.0
Canada,8,9108.0
Canada,8,9118.0
Canada,8,9124.0
Canada,8,9127.0
Canada,8,9141.0
Canada,8,9142.0
Canada,8,9146.0
Canada,8,9154.0
Canada,8,9159.0
Canada,8,9164.0
Canada,8,9168.0
Canada,8,9181.0
Canada,8,9184.0
Canada,8,9185.0
Canada,8,9193.0
Canada,9,9197.0
Canada,9,9199.0
Canada,9,9205.0
Canada,9,9206.0
Canada,9,9207.0
Canada,9,9209.0
Canada,9,9212.0
Canada,9,9219.0
Canada,9,9223.0
Canada,9,9231.0
Canada,9,9231.0
Canada,9,9233.0
Canada,9,9236.0
Canada,9,9249.0
Canada,9,9257.0
Canada,9,9262.0
Canada,9,9267.0
Canada,9,9279.0
Canada,9,9286.0
Canada,9,9288.0
Canada,9,9300.0
Canada,9,9309.0
Canada,9,9317.0
Canada,9,9325.0
Canada,9,9332.0
Canada,9,9338.0
Canada,9,9343.0
Canada,9,9360.0
Canada,9,9373.0
Canada,9,9391.0
Canada,10,9407.0
Canada,10,9505.0
Canada,10,9526.0
Canada,10,9570.0
Canada,10,9599.0
Canada,10,9617.0
Canada,10,9636.0
Canada,10,9654.0
Canada,10,9668.0
Canada,10,9694.0
Canada,10,9708.0
Canada,10,9720.0
Canada,10,9752.0
Canada,10,9777.0
Canada,10,9796.0
Canada,10,9828.0
Canada,10,9836.0
Canada,10,9860.0
Canada,10,9891.0
Canada,10,9909.0
Canada,10,9946.0
Canada,10,9977.0
Canada,10,10004.0
Canada,10,10026.0
Canada,10,10057.0
Canada,10,10095.0
Canada,10,10120.0
Canada,10,10158.0
Canada,10,10192.0
Canada,10,10237.0
Canada,10,10276.0
Canada,11,10313.0
Canada,11,10345.0
Canada,11,10403.0
Canada,11,10444.0
Canada,11,10484.0
Canada,11,10546.0
Canada,11,10593.0
Canada,11,10641.0
Canada,11,10702.0
Canada,11,10769.0
Canada,11,10832.0
Canada,11,10905.0
Canada,11,10951.0
Canada,11,11013.0
Canada,11,11078.0
Canada,11,11152.0
Canada,11,11220.0
Canada,11,11324.0
Canada,11,11394.0
Canada,11,11461.0
Canada,11,11527.0
Canada,11,11583.0
Canada,11,11662.0
Canada,11,11762.0
Canada,11,11820.0
Canada,11,11902.0
Canada,11,11988.0
Canada,11,12056.0
Canada,11,12130.0
Canada,11,12239.0
Canada,12,12317.0
Canada,12,12423.0
Canada,12,12513.0
Canada,12,12616.0
Canada,12,12690.0
Canada,12,12775.0
Canada,12,12896.0
Canada,12,12993.0
Canada,12,13109.0
Canada,12,13227.0
Canada,12,13355.0
Canada,12,13453.0
Canada,12,13537.0
Canada,12,13677.0
Canada,12,13793.0
Canada,12,13911.0
Canada,12,14067.0
Canada,12,14180.0
Canada,12,14284.0
Canada,12,14374.0
Canada,12,14481.0
Canada,12,14607.0
Canada,12,14752.0
Canada,12,14902.0
Canada,12,14966.0
Canada,12,15051.0
Canada,12,15171.0
Canada,12,15328.0
Canada,12,15528.0
Canada,12,15650.0
Canada,12,15762.0
China,1,17.0
China,1,18.0
China,1,26.0
China,1,42.0
China,1,56.0
China,1,82.0
China,1,131.0
China,1,133.0
China,1,171.0
China,1,213.0
China,2,259.0
China,2,361.0
China,2,425.0
China,2,491.0
China,2,563.0
China,2,633.0
China,2,718.0
China,2,805.0
China,2,905.0
China,2,1012.0
China,2,1112.0
China,2,1117.0
China,2,1369.0
China,2,1521.0
China,2,1663.0
China,2,1766.0
China,2,1864.0
China,2,2003.0
China,2,2116.0
China,2,2238.0
China,2,2238.0
China,2,2443.0
China,2,2445.0
China,2,2595.0
China,2,2665.0
China,2,2717.0
China,2,2746.0
China,2,2790.0
China,2,2837.0
China,3,2872.0
China,3,2914.0
China,3,2947.0
China,3,2983.0
China,3,3015.0
China,3,3044.0
China,3,3072.0
China,3,3100.0
China,3,3123.0
China,3,3139.0
China,3,3161.0
China,3,3172.0
China,3,3180.0
China,3,3193.0
China,3,3203.0
China,3,3217.0
China,3,3230.0
China,3,3241.0
China,3,3249.0
China,3,3253.0
China,3,3259.0
China,3,3274.0
China,3,3274.0
China,3,3281.0
China,3,3285.0
China,3,3291.0
China,3,3296.0
China,3,3299.0
China,3,3304.0
China,3,3308.0
China,3,3309.0
China,4,3316.0
China,4,3322.0
China,4,3326.0
China,4,3330.0
China,4,3333.0
China,4,3335.0
China,4,3335.0
China,4,3337.0
China,4,3339.0
China,4,3340.0
China,4,3343.0
China,4,3343.0
China,4,3345.0
China,4,3345.0
China,4,3346.0
China,4,3346.0
China,4,4636.0
China,4,4636.0
China,4,4636.0
China,4,4636.0
China,4,4636.0
China,4,4636.0
China,4,4636.0
China,4,4636.0
China,4,4636.0
China,4,4637.0
China,4,4637.0
China,4,4637.0
China,4,4637.0
China,4,4637.0
China,5,4637.0
China,5,4637.0
China,5,4637.0
China,5,4637.0
China,5,4637.0
China,5,4637.0
China,5,4637.0
China,5,4637.0
China,5,4637.0
China,5,4637.0
China,5,4637.0
China,5,4637.0
China,5,4637.0
China,5,4637.0
China,5,4637.0
China,5,4638.0
China,5,4638.0
China,5,4638.0
China,5,4638.0
China,5,4638.0
China,5,4638.0
China,5,4638.0
China,5,4638.0
China,5,4638.0
China,5,4638.0
China,5,4638.0
China,5,4638.0
China,5,4638.0
China,5,4638.0
China,5,4638.0
China,5,4638.0
China,6,4638.0
China,6,4638.0
China,6,4638.0
China,6,4638.0
China,6,4638.0
China,6,4638.0
China,6,4638.0
China,6,4638.0
China,6,4638.0
China,6,4638.0
China,6,4638.0
China,6,4638.0
China,6,4638.0
China,6,4638.0
China,6,4638.0
China,6,4638.0
China,6,4638.0
China,6,4638.0
China,6,4638.0
China,6,4639.0
China,6,4639.0
China,6,4639.0
China,6,4640.0
China,6,4640.0
China,6,4641.0
China,6,4641.0
China,6,4641.0
China,6,4641.0
China,6,4641.0
China,6,4641.0
China,7,4641.0
China,7,4641.0
China,7,4641.0
China,7,4641.0
China,7,4641.0
China,7,4641.0
China,7,4641.0
China,7,4641.0
China,7,4641.0
China,7,4641.0
China,7,4641.0
China,7,4641.0
China,7,4641.0
China,7,4642.0
China,7,4644.0
China,7,4644.0
China,7,4645.0
China,7,4646.0
China,7,4646.0
China,7,4646.0
China,7,4648.0
China,7,4648.0
China,7,4649.0
China,7,4650.0
China,7,4652.0
China,7,4652.0
China,7,4656.0
China,7,4657.0
China,7,4658.0
China,7,4659.0
China,7,4661.0
China,8,4667.0
China,8,4669.0
China,8,4672.0
China,8,4676.0
China,8,4677.0
China,8,4680.0
China,8,4681.0
China,8,4681.0
China,8,4686.0
China,8,4689.0
China,8,4693.0
China,8,4697.0
China,8,4700.0
China,8,4701.0
China,8,4703.0
China,8,4703.0
China,8,4703.0
China,8,4705.0
China,8,4706.0
China,8,4709.0
China,8,4709.0
China,8,4711.0
China,8,4711.0
China,8,4711.0
China,8,4712.0
China,8,4713.0
China,8,4715.0
China,8,4718.0
China,8,4721.0
China,8,4722.0
China,8,4723.0
China,9,4724.0
China,9,4727.0
China,9,4728.0
China,9,4728.0
China,9,4728.0
China,9,4730.0
China,9,4732.0
China,9,4733.0
China,9,4733.0
China,9,4733.0
China,9,4733.0
China,9,4734.0
China,9,4734.0
China,9,4735.0
China,9,4736.0
China,9,4736.0
China,9,4736.0
China,9,4737.0
China,9,4737.0
China,9,4737.0
China,9,4737.0
China,9,4737.0
China,9,4738.0
China,9,4738.0
China,9,4739.0
China,9,4739.0
China,9,4739.0
China,9,4739.0
China,9,4739.0
China,9,4739.0
China,10,4739.0
China,10,4739.0
China,10,4739.0
China,10,4739.0
China,10,4739.0
China,10,4739.0
China,10,4739.0
China,10,4739.0
China,10,4739.0
China,10,4739.0
China,10,4739.0
China,10,4739.0
China,10,4739.0
China,10,4739.0
China,10,4739.0
China,10,4739.0
China,10,4739.0
China,10,4739.0
China,10,4739.0
China,10,4739.0
China,10,4739.0
China,10,4739.0
China,10,4739.0
China,10,4739.0
China,10,4739.0
China,10,4739.0
China,10,4739.0
China,10,4739.0
China,10,4739.0
China,10,4739.0
China,10,4739.0
China,11,4739.0
China,11,4739.0
China,11,4739.0
China,11,4740.0
China,11,4741.0
China,11,4741.0
China,11,4741.0
China,11,4741.0
China,11,4741.0
China,11,4742.0
China,11,4742.0
China,11,4742.0
China,11,4742.0
China,11,4742.0
China,11,4742.0
China,11,4742.0
China,11,4742.0
China,11,4742.0
China,11,4742.0
China,11,4742.0
China,11,4742.0
China,11,4742.0
China,11,4742.0
China,11,4742.0
China,11,4742.0
China,11,4742.0
China,11,4742.0
China,11,4743.0
China,11,4743.0
China,11,4743.0
China,12,4743.0
China,12,4744.0
China,12,4745.0
China,12,4746.0
China,12,4746.0
China,12,4746.0
China,12,4746.0
China,12,4746.0
China,12,4748.0
China,12,4748.0
China,12,4748.0
China,12,4749.0
China,12,4751.0
China,12,4754.0
China,12,4757.0
China,12,4757.0
China,12,4759.0
China,12,4763.0
China,12,4763.0
China,12,4764.0
China,12,4765.0
China,12,4766.0
China,12,4767.0
China,12,4769.0
China,12,4770.0
China,12,4770.0
China,12,4771.0
China,12,4775.0
China,12,4777.0
China,12,4781.0
China,12,4782.0
Germany,1,
Germany,1,
Germany,1,
Germany,1,
Germany,1,
Germany,2,
Germany,2,
Germany,2,
Germany,2,
Germany,2,
Germany,2,
Germany,2,
Germany,2,
Germany,2,
Germany,2,
Germany,2,
Germany,2,
Germany,2,
Germany,2,
Germany,2,
Germany,2,
Germany,2,
Germany,2,
Germany,2,
Germany,2,
Germany,2,
Germany,2,
Germany,2,
Germany,2,
Germany,2,
Germany,2,
Germany,2,
Germany,2,
Germany,2,
Germany,3,
Germany,3,
Germany,3,
Germany,3,
Germany,3,
Germany,3,
Germany,3,
Germany,3,
Germany,3,2.0
Germany,3,2.0
Germany,3,3.0
Germany,3,3.0
Germany,3,7.0
Germany,3,9.0
Germany,3,11.0
Germany,3,17.0
Germany,3,24.0
Germany,3,28.0
Germany,3,44.0
Germany,3,67.0
Germany,3,84.0
Germany,3,94.0
Germany,3,123.0
Germany,3,157.0
Germany,3,206.0
Germany,3,267.0
Germany,3,342.0
Germany,3,433.0
Germany,3,533.0
Germany,3,645.0
Germany,3,775.0
Germany,4,920.0
Germany,4,1107.0
Germany,4,1275.0
Germany,4,1444.0
Germany,4,1584.0
Germany,4,1810.0
Germany,4,2016.0
Germany,4,2349.0
Germany,4,2607.0
Germany,4,2767.0
Germany,4,2736.0
Germany,4,3022.0
Germany,4,3194.0
Germany,4,3294.0
Germany,4,3804.0
Germany,4,4052.0
Germany,4,4352.0
Germany,4,4459.0
Germany,4,4586.0
Germany,4,4862.0
Germany,4,5033.0
Germany,4,5279.0
Germany,4,5575.0
Germany,4,5760.0
Germany,4,5877.0
Germany,4,5976.0
Germany,4,6126.0
Germany,4,6314.0
Germany,4,6467.0
Germany,4,6623.0
Germany,5,6736.0
Germany,5,6812.0
Germany,5,6866.0
Germany,5,6993.0
Germany,5,6993.0
Germany,5,7275.0
Germany,5,7392.0
Germany,5,7510.0
Germany,5,7549.0
Germany,5,7569.0
Germany,5,7661.0
Germany,5,7738.0
Germany,5,7861.0
Germany,5,7884.0
Germany,5,7897.0
Germany,5,7938.0
Germany,5,7962.0
Germany,5,8003.0
Germany,5,8081.0
Germany,5,8144.0
Germany,5,8203.0
Germany,5,8228.0
Germany,5,8261.0
Germany,5,8283.0
Germany,5,8309.0
Germany,5,8372.0
Germany,5,8428.0
Germany,5,8470.0
Germany,5,8504.0
Germany,5,8530.0
Germany,5,8540.0
Germany,6,8555.0
Germany,6,8563.0
Germany,6,8602.0
Germany,6,8635.0
Germany,6,8658.0
Germany,6,8673.0
Germany,6,8685.0
Germany,6,8695.0
Germany,6,8736.0
Germany,6,8752.0
Germany,6,8772.0
Germany,6,8783.0
Germany,6,8793.0
Germany,6,8801.0
Germany,6,8807.0
Germany,6,8820.0
Germany,6,8851.0
Germany,6,8875.0
Germany,6,8887.0
Germany,6,8895.0
Germany,6,8895.0
Germany,6,8899.0
Germany,6,8914.0
Germany,6,8928.0
Germany,6,8940.0
Germany,6,8965.0
Germany,6,8968.0
Germany,6,8968.0
Germany,6,8976.0
Germany,6,8990.0
Germany,7,8995.0
Germany,7,9006.0
Germany,7,9010.0
Germany,7,9020.0
Germany,7,9023.0
Germany,7,9022.0
Germany,7,9032.0
Germany,7,9046.0
Germany,7,9057.0
Germany,7,9063.0
Germany,7,9070.0
Germany,7,9071.0
Germany,7,9074.0
Germany,7,9078.0
Germany,7,9080.0
Germany,7,9087.0
Germany,7,9088.0
Germany,7,9091.0
Germany,7,9092.0
Germany,7,9094.0
Germany,7,9099.0
Germany,7,9102.0
Germany,7,9110.0
Germany,7,9120.0
Germany,7,9124.0
Germany,7,9124.0
Germany,7,9125.0
Germany,7,9131.0
Germany,7,9135.0
Germany,7,9144.0
Germany,7,9147.0
Germany,8,9154.0
Germany,8,9154.0
Germany,8,9154.0
Germany,8,9163.0
Germany,8,9179.0
Germany,8,9181.0
Germany,8,9195.0
Germany,8,9201.0
Germany,8,9202.0
Germany,8,9203.0
Germany,8,9208.0
Germany,8,9213.0
Germany,8,9217.0
Germany,8,9230.0
Germany,8,9235.0
Germany,8,9235.0
Germany,8,9236.0
Germany,8,9241.0
Germany,8,9249.0
Germany,8,9263.0
Germany,8,9266.0
Germany,8,9272.0
Germany,8,9275.0
Germany,8,9276.0
Germany,8,9281.0
Germany,8,9285.0
Germany,8,9290.0
Germany,8,9290.0
Germany,8,9299.0
Germany,8,9300.0
Germany,8,9303.0
Germany,9,9307.0
Germany,9,9322.0
Germany,9,9322.0
Germany,9,9327.0
Germany,9,9329.0
Germany,9,9330.0
Germany,9,9331.0
Germany,9,9336.0
Germany,9,9342.0
Germany,9,9345.0
Germany,9,9348.0
Germany,9,9352.0
Germany,9,9354.0
Germany,9,9356.0
Germany,9,9367.0
Germany,9,9373.0
Germany,9,9376.0
Germany,9,9386.0
Germany,9,9388.0
Germany,9,9390.0
Germany,9,9390.0
Germany,9,9405.0
Germany,9,9423.0
Germany,9,9436.0
Germany,9,9451.0
Germany,9,9459.0
Germany,9,9464.0
Germany,9,9468.0
Germany,9,9483.0
Germany,9,9495.0
Germany,10,9509.0
Germany,10,9518.0
Germany,10,9531.0
Germany,10,9533.0
Germany,10,9554.0
Germany,10,9566.0
Germany,10,9582.0
Germany,10,9594.0
Germany,10,9599.0
Germany,10,9620.0
Germany,10,9626.0
Germany,10,9640.0
Germany,10,9682.0
Germany,10,9716.0
Germany,10,9739.0
Germany,10,9773.0
Germany,10,9785.0
Germany,10,9798.0
Germany,10,9842.0
Germany,10,9882.0
Germany,10,9911.0
Germany,10,9960.0
Germany,10,9978.0
Germany,10,10035.0
Germany,10,10062.0
Germany,10,10091.0
Germany,10,10121.0
Germany,10,10218.0
Germany,10,10305.0
Germany,10,10391.0
Germany,10,10483.0
Germany,11,10513.0
Germany,11,10669.0
Germany,11,10717.0
Germany,11,10949.0
Germany,11,11110.0
Germany,11,11240.0
Germany,11,11306.0
Germany,11,11372.0
Germany,11,11408.0
Germany,11,11781.0
Germany,11,11994.0
Germany,11,12216.0
Germany,11,12404.0
Germany,11,12511.0
Germany,11,12573.0
Germany,11,12833.0
Germany,11,13138.0
Germany,11,13390.0
Germany,11,13662.0
Germany,11,13918.0
Germany,11,14061.0
Germany,11,14159.0
Germany,11,14460.0
Germany,11,14832.0
Germany,11,15210.0
Germany,11,15640.0
Germany,11,16011.0
Germany,11,16181.0
Germany,11,16306.0
Germany,11,16694.0
Germany,12,17177.0
Germany,12,17659.0
Germany,12,18097.0
Germany,12,18577.0
Germany,12,18839.0
Germany,12,18989.0
Germany,12,19434.0
Germany,12,20002.0
Germany,12,20460.0
Germany,12,21064.0
Germany,12,21567.0
Germany,12,21900.0
Germany,12,22106.0
Germany,12,22634.0
Germany,12,23544.0
Germany,12,24273.0
Germany,12,25027.0
Germany,12,25754.0
Germany,12,26171.0
Germany,12,26400.0
Germany,12,27110.0
Germany,12,28096.0
Germany,12,28909.0
Germany,12,29330.0
Germany,12,29580.0
Germany,12,29946.0
Germany,12,30297.0
Germany,12,31145.0
Germany,12,32267.0
Germany,12,33230.0
Germany,12,33791.0
India,1,
India,1,
India,2,
India,2,
India,2,
India,2,
India,2,
India,2,
India,2,
India,2,
India,2,
India,2,
India,2,
India,2,
India,2,
India,2,
India,2,
India,2,
India,2,
India,2,
India,2,
India,2,
India,2,
India,2,
India,2,
India,2,
India,2,
India,2,
India,2,
India,2,
India,2,
India,3,
India,3,
India,3,
India,3,
India,3,
India,3,
India,3,
India,3,
India,3,
India,3,
India,3,1.0
India,3,1.0
India,3,2.0
India,3,2.0
India,3,2.0
India,3,2.0
India,3,3.0
India,3,3.0
India,3,4.0
India,3,5.0
India,3,4.0
India,3,7.0
India,3,10.0
India,3,10.0
India,3,12.0
India,3,20.0
India,3,20.0
India,3,24.0
India,3,27.0
India,3,32.0
India,3,35.0
India,4,58.0
India,4,72.0
India,4,72.0
India,4,86.0
India,4,99.0
India,4,136.0
India,4,150.0
India,4,178.0
India,4,226.0
India,4,246.0
India,4,288.0
India,4,331.0
India,4,358.0
India,4,393.0
India,4,405.0
India,4,448.0
India,4,486.0
India,4,521.0
India,4,559.0
India,4,592.0
India,4,645.0
India,4,681.0
India,4,721.0
India,4,780.0
India,4,825.0
India,4,881.0
India,4,939.0
India,4,1008.0
India,4,1079.0
India,4,1154.0
India,5,1223.0
India,5,1323.0
India,5,1391.0
India,5,1566.0
India,5,1693.0
India,5,1785.0
India,5,1889.0
India,5,1985.0
India,5,2101.0
India,5,2212.0
India,5,2294.0
India,5,2415.0
India,5,2551.0
India,5,2649.0
India,5,2753.0
India,5,2871.0
India,5,3025.0
India,5,3156.0
India,5,3302.0
India,5,3434.0
India,5,3584.0
India,5,3726.0
India,5,3868.0
India,5,4024.0
India,5,4172.0
India,5,4344.0
India,5,4534.0
India,5,4711.0
India,5,4980.0
India,5,5185.0
India,5,5408.0
India,6,5608.0
India,6,5829.0
India,6,6088.0
India,6,6363.0
India,6,6649.0
India,6,6946.0
India,6,7207.0
India,6,7473.0
India,6,7750.0
India,6,8102.0
India,6,8498.0
India,6,8884.0
India,6,9195.0
India,6,9520.0
India,6,9900.0
India,6,11903.0
India,6,12237.0
India,6,12573.0
India,6,12948.0
India,6,13254.0
India,6,13699.0
India,6,14011.0
India,6,14476.0
India,6,14894.0
India,6,15301.0
India,6,15685.0
India,6,16095.0
India,6,16475.0
India,6,16893.0
India,6,17400.0
India,7,17834.0
India,7,18213.0
India,7,18655.0
India,7,19268.0
India,7,19693.0
India,7,20159.0
India,7,20642.0
India,7,21129.0
India,7,21604.0
India,7,22123.0
India,7,22673.0
India,7,23174.0
India,7,23727.0
India,7,24309.0
India,7,24914.0
India,7,25602.0
India,7,26273.0
India,7,26816.0
India,7,27497.0
India,7,28082.0
India,7,28732.0
India,7,29861.0
India,7,30601.0
India,7,31358.0
India,7,32060.0
India,7,32771.0
India,7,33408.0
India,7,34193.0
India,7,34955.0
India,7,35718.0
India,7,36511.0
India,8,37364.0
India,8,38135.0
India,8,38938.0
India,8,39795.0
India,8,40699.0
India,8,41585.0
India,8,42518.0
India,8,43379.0
India,8,44386.0
India,8,45257.0
India,8,46091.0
India,8,47033.0
India,8,48040.0
India,8,49036.0
India,8,49980.0
India,8,50921.0
India,8,51797.0
India,8,52888.0
India,8,53866.0
India,8,54849.0
India,8,55794.0
India,8,56706.0
India,8,57542.0
India,8,58390.0
India,8,59357.0
India,8,60472.0
India,8,61529.0
India,8,62550.0
India,8,63498.0
India,8,64469.0
India,8,65288.0
India,9,66333.0
India,9,67376.0
India,9,68472.0
India,9,69561.0
India,9,70626.0
India,9,71642.0
India,9,72775.0
India,9,73890.0
India,9,75062.0
India,9,76271.0
India,9,77472.0
India,9,78586.0
India,9,79722.0
India,9,80776.0
India,9,82066.0
India,9,83198.0
India,9,84372.0
India,9,85619.0
India,9,86752.0
India,9,87882.0
India,9,88935.0
India,9,90020.0
India,9,91149.0
India,9,92290.0
India,9,93379.0
India,9,94503.0
India,9,95542.0
India,9,96318.0
India,9,97497.0
India,9,98678.0
India,10,99773.0
India,10,100842.0
India,10,101782.0
India,10,102685.0
India,10,103569.0
India,10,104555.0
India,10,105526.0
India,10,106490.0
India,10,107416.0
India,10,108334.0
India,10,109150.0
India,10,109856.0
India,10,110586.0
India,10,111266.0
India,10,112161.0
India,10,112998.0
India,10,114031.0
India,10,114610.0
India,10,115197.0
India,10,115914.0
India,10,116616.0
India,10,117306.0
India,10,117956.0
India,10,118534.0
India,10,119014.0
India,10,119502.0
India,10,120010.0
India,10,120527.0
India,10,121090.0
India,10,121641.0
India,10,122111.0
India,11,122607.0
India,11,123097.0
India,11,123611.0
India,11,124315.0
India,11,124985.0
India,11,125562.0
India,11,126121.0
India,11,126611.0
India,11,127059.0
India,11,127571.0
India,11,128121.0
India,11,128668.0
India,11,129188.0
India,11,129635.0
India,11,130070.0
India,11,130519.0
India,11,130993.0
India,11,131578.0
India,11,132162.0
India,11,132726.0
India,11,133227.0
India,11,133738.0
India,11,134218.0
India,11,134699.0
India,11,135223.0
India,11,135715.0
India,11,136200.0
India,11,136696.0
India,11,137139.0
India,11,137621.0
India,12,138122.0
India,12,138648.0
India,12,139188.0
India,12,139700.0
India,12,140182.0
India,12,140573.0
India,12,140958.0
India,12,141360.0
India,12,141772.0
India,12,142185.0
India,12,142628.0
India,12,143019.0
India,12,143355.0
India,12,143709.0
India,12,144096.0
India,12,144451.0
India,12,144789.0
India,12,145136.0
India,12,145477.0
India,12,145810.0
India,12,146111.0
India,12,146444.0
India,12,146756.0
India,12,147092.0
India,12,147343.0
India,12,147622.0
India,12,147901.0
India,12,148153.0
India,12,148439.0
India,12,148738.0
India,12,148738.0
Japan,1,
Japan,1,
Japan,1,
Japan,1,
Japan,1,
Japan,1,
Japan,1,
Japan,1,
Japan,1,
Japan,1,
Japan,2,
Japan,2,
Japan,2,
Japan,2,
Japan,2,
Japan,2,
Japan,2,
Japan,2,
Japan,2,
Japan,2,
Japan,2,
Japan,2,
Japan,2,1.0
Japan,2,1.0
Japan,2,1.0
Japan,2,1.0
Japan,2,1.0
Japan,2,2.0
Japan,2,2.0
Japan,2,2.0
Japan,2,2.0
Japan,2,2.0
Japan,2,2.0
Japan,2,2.0
Japan,2,3.0
Japan,2,3.0
Japan,2,4.0
Japan,2,5.0
Japan,2,6.0
Japan,3,6.0
Japan,3,6.0
Japan,3,6.0
Japan,3,7.0
Japan,3,7.0
Japan,3,7.0
Japan,3,7.0
Japan,3,8.0
Japan,3,10.0
Japan,3,13.0
Japan,3,15.0
Japan,3,19.0
Japan,3,21.0
Japan,3,22.0
Japan,3,24.0
Japan,3,30.0
Japan,3,30.0
Japan,3,32.0
Japan,3,33.0
Japan,3,34.0
Japan,3,36.0
Japan,3,40.0
Japan,3,41.0
Japan,3,42.0
Japan,3,45.0
Japan,3,47.0
Japan,3,53.0
Japan,3,56.0
Japan,3,63.0
Japan,3,65.0
Japan,3,67.0
Japan,4,72.0
Japan,4,75.0
Japan,4,81.0
Japan,4,87.0
Japan,4,93.0
Japan,4,96.0
Japan,4,98.0
Japan,4,105.0
Japan,4,113.0
Japan,4,125.0
Japan,4,138.0
Japan,4,147.0
Japan,4,156.0
Japan,4,170.0
Japan,4,186.0
Japan,4,204.0
Japan,4,217.0
Japan,4,236.0
Japan,4,255.0
Japan,4,275.0
Japan,4,303.0
Japan,4,323.0
Japan,4,351.0
Japan,4,360.0
Japan,4,379.0
Japan,4,395.0
Japan,4,417.0
Japan,4,436.0
Japan,4,454.0
Japan,4,481.0
Japan,5,510.0
Japan,5,536.0
Japan,5,560.0
Japan,5,582.0
Japan,5,593.0
Japan,5,605.0
Japan,5,617.0
Japan,5,634.0
Japan,5,654.0
Japan,5,666.0
Japan,5,685.0
Japan,5,707.0
Japan,5,726.0
Japan,5,742.0
Japan,5,760.0
Japan,5,778.0
Japan,5,787.0
Japan,5,796.0
Japan,5,805.0
Japan,5,818.0
Japan,5,826.0
Japan,5,836.0
Japan,5,845.0
Japan,5,852.0
Japan,5,857.0
Japan,5,863.0
Japan,5,870.0
Japan,5,881.0
Japan,5,887.0
Japan,5,894.0
Japan,5,898.0
Japan,6,899.0
Japan,6,902.0
Japan,6,905.0
Japan,6,911.0
Japan,6,916.0
Japan,6,915.0
Japan,6,917.0
Japan,6,920.0
Japan,6,920.0
Japan,6,922.0
Japan,6,922.0
Japan,6,924.0
Japan,6,927.0
Japan,6,927.0
Japan,6,929.0
Japan,6,934.0
Japan,6,935.0
Japan,6,935.0
Japan,6,951.0
Japan,6,955.0
Japan,6,955.0
Japan,6,955.0
Japan,6,965.0
Japan,6,967.0
Japan,6,971.0
Japan,6,971.0
Japan,6,971.0
Japan,6,972.0
Japan,6,972.0
Japan,6,972.0
Japan,7,976.0
Japan,7,977.0
Japan,7,977.0
Japan,7,977.0
Japan,7,977.0
Japan,7,978.0
Japan,7,981.0
Japan,7,982.0
Japan,7,982.0
Japan,7,982.0
Japan,7,982.0
Japan,7,983.0
Japan,7,984.0
Japan,7,984.0
Japan,7,984.0
Japan,7,985.0
Japan,7,985.0
Japan,7,986.0
Japan,7,986.0
Japan,7,988.0
Japan,7,988.0
Japan,7,990.0
Japan,7,992.0
Japan,7,994.0
Japan,7,996.0
Japan,7,998.0
Japan,7,998.0
Japan,7,1001.0
Japan,7,1001.0
Japan,7,1007.0
Japan,7,1008.0
Japan,8,1012.0
Japan,8,1013.0
Japan,8,1018.0
Japan,8,1023.0
Japan,8,1028.0
Japan,8,1034.0
Japan,8,1042.0
Japan,8,1042.0
Japan,8,1047.0
Japan,8,1052.0
Japan,8,1058.0
Japan,8,1066.0
Japan,8,1073.0
Japan,8,1080.0
Japan,8,1093.0
Japan,8,1103.0
Japan,8,1112.0
Japan,8,1135.0
Japan,8,1148.0
Japan,8,1157.0
Japan,8,1175.0
Japan,8,1179.0
Japan,8,1188.0
Japan,8,1201.0
Japan,8,1219.0
Japan,8,1230.0
Japan,8,1241.0
Japan,8,1251.0
Japan,8,1271.0
Japan,8,1285.0
Japan,8,1298.0
Japan,9,1313.0
Japan,9,1327.0
Japan,9,1334.0
Japan,9,1352.0
Japan,9,1361.0
Japan,9,1366.0
Japan,9,1377.0
Japan,9,1398.0
Japan,9,1412.0
Japan,9,1416.0
Japan,9,1428.0
Japan,9,1441.0
Japan,9,1448.0
Japan,9,1455.0
Japan,9,1463.0
Japan,9,1481.0
Japan,9,1490.0
Japan,9,1500.0
Japan,9,1504.0
Japan,9,1508.0
Japan,9,1518.0
Japan,9,1519.0
Japan,9,1525.0
Japan,9,1540.0
Japan,9,1544.0
Japan,9,1547.0
Japan,9,1549.0
Japan,9,1561.0
Japan,9,1568.0
Japan,9,1575.0
Japan,10,1580.0
Japan,10,1591.0
Japan,10,1594.0
Japan,10,1598.0
Japan,10,1602.0
Japan,10,1609.0
Japan,10,1614.0
Japan,10,1617.0
Japan,10,1623.0
Japan,10,1626.0
Japan,10,1628.0
Japan,10,1631.0
Japan,10,1635.0
Japan,10,1646.0
Japan,10,1650.0
Japan,10,1664.0
Japan,10,1670.0
Japan,10,1672.0
Japan,10,1676.0
Japan,10,1679.0
Japan,10,1686.0
Japan,10,1697.0
Japan,10,1706.0
Japan,10,1710.0
Japan,10,1716.0
Japan,10,1721.0
Japan,10,1726.0
Japan,10,1731.0
Japan,10,1748.0
Japan,10,1756.0
Japan,10,1769.0
Japan,11,1776.0
Japan,11,1787.0
Japan,11,1794.0
Japan,11,1799.0
Japan,11,1806.0
Japan,11,1810.0
Japan,11,1815.0
Japan,11,1821.0
Japan,11,1834.0
Japan,11,1840.0
Japan,11,1847.0
Japan,11,1854.0
Japan,11,1864.0
Japan,11,1865.0
Japan,11,1874.0
Japan,11,1883.0
Japan,11,1895.0
Japan,11,1908.0
Japan,11,1920.0
Japan,11,1930.0
Japan,11,1932.0
Japan,11,1943.0
Japan,11,1949.0
Japan,11,1963.0
Japan,11,1983.0
Japan,11,1996.0
Japan,11,2028.0
Japan,11,2042.0
Japan,11,2057.0
Japan,11,2076.0
Japan,12,2109.0
Japan,12,2141.0
Japan,12,2174.0
Japan,12,2210.0
Japan,12,2229.0
Japan,12,2259.0
Japan,12,2299.0
Japan,12,2334.0
Japan,12,2376.0
Japan,12,2395.0
Japan,12,2446.0
Japan,12,2462.0
Japan,12,2481.0
Japan,12,2530.0
Japan,12,2581.0
Japan,12,2623.0
Japan,12,2661.0
Japan,12,2709.0
Japan,12,2749.0
Japan,12,2784.0
Japan,12,2833.0
Japan,12,2877.0
Japan,12,2941.0
Japan,12,2967.0
Japan,12,3016.0
Japan,12,3062.0
Japan,12,3100.0
Japan,12,3152.0
Japan,12,3196.0
Japan,12,3243.0
Japan,12,3292.0
Mexico,1,
Mexico,1,
Mexico,1,
Mexico,1,
Mexico,1,
Mexico,1,
Mexico,1,
Mexico,1,
Mexico,1,
Mexico,1,
Mexico,1,
Mexico,1,
Mexico,1,
Mexico,1,
Mexico,1,
Mexico,1,
Mexico,1,
Mexico,1,
Mexico,1,
Mexico,1,
Mexico,1,
Mexico,1,
Mexico,1,
Mexico,1,
Mexico,1,
Mexico,1,
Mexico,1,
Mexico,1,
Mexico,1,
Mexico,1,
Mexico,1,
Mexico,2,
Mexico,2,
Mexico,2,
Mexico,2,
Mexico,2,
Mexico,2,
Mexico,2,
Mexico,2,
Mexico,2,
Mexico,2,
Mexico,2,
Mexico,2,
Mexico,2,
Mexico,2,
Mexico,2,
Mexico,2,
Mexico,2,
Mexico,2,
Mexico,2,
Mexico,2,
Mexico,2,
Mexico,2,
Mexico,2,
Mexico,2,
Mexico,2,
Mexico,2,
Mexico,2,
Mexico,2,
Mexico,2,
Mexico,3,
Mexico,3,
Mexico,3,
Mexico,3,
Mexico,3,
Mexico,3,
Mexico,3,
Mexico,3,
Mexico,3,
Mexico,3,
Mexico,3,
Mexico,3,
Mexico,3,
Mexico,3,
Mexico,3,
Mexico,3,
Mexico,3,
Mexico,3,
Mexico,3,1.0
Mexico,3,2.0
Mexico,3,2.0
Mexico,3,3.0
Mexico,3,4.0
Mexico,3,5.0
Mexico,3,6.0
Mexico,3,8.0
Mexico,3,12.0
Mexico,3,16.0
Mexico,3,20.0
Mexico,3,28.0
Mexico,3,29.0
Mexico,4,37.0
Mexico,4,50.0
Mexico,4,60.0
Mexico,4,79.0
Mexico,4,94.0
Mexico,4,125.0
Mexico,4,141.0
Mexico,4,174.0
Mexico,4,194.0
Mexico,4,233.0
Mexico,4,273.0
Mexico,4,296.0
Mexico,4,332.0
Mexico,4,406.0
Mexico,4,449.0
Mexico,4,486.0
Mexico,4,546.0
Mexico,4,650.0
Mexico,4,686.0
Mexico,4,712.0
Mexico,4,857.0
Mexico,4,970.0
Mexico,4,1069.0
Mexico,4,1221.0
Mexico,4,1305.0
Mexico,4,1351.0
Mexico,4,1434.0
Mexico,4,1569.0
Mexico,4,1732.0
Mexico,4,1859.0
Mexico,5,1972.0
Mexico,5,2061.0
Mexico,5,2154.0
Mexico,5,2271.0
Mexico,5,2507.0
Mexico,5,2704.0
Mexico,5,2961.0
Mexico,5,3160.0
Mexico,5,3353.0
Mexico,5,3465.0
Mexico,5,3573.0
Mexico,5,3926.0
Mexico,5,4220.0
Mexico,5,4477.0
Mexico,5,4767.0
Mexico,5,5045.0
Mexico,5,5177.0
Mexico,5,5332.0
Mexico,5,5666.0
Mexico,5,6090.0
Mexico,5,6510.0
Mexico,5,6989.0
Mexico,5,7179.0
Mexico,5,7394.0
Mexico,5,7633.0
Mexico,5,8134.0
Mexico,5,8597.0
Mexico,5,9044.0
Mexico,5,9415.0
Mexico,5,9779.0
Mexico,5,9930.0
Mexico,6,10167.0
Mexico,6,10637.0
Mexico,6,11729.0
Mexico,6,12545.0
Mexico,6,13170.0
Mexico,6,13511.0
Mexico,6,13699.0
Mexico,6,14053.0
Mexico,6,14649.0
Mexico,6,15357.0
Mexico,6,15944.0
Mexico,6,16448.0
Mexico,6,16872.0
Mexico,6,17141.0
Mexico,6,17580.0
Mexico,6,18310.0
Mexico,6,19080.0
Mexico,6,19747.0
Mexico,6,20394.0
Mexico,6,20781.0
Mexico,6,21825.0
Mexico,6,22584.0
Mexico,6,23377.0
Mexico,6,24324.0
Mexico,6,25060.0
Mexico,6,25779.0
Mexico,6,26381.0
Mexico,6,26648.0
Mexico,6,27121.0
Mexico,6,27769.0
Mexico,7,28510.0
Mexico,7,29189.0
Mexico,7,29843.0
Mexico,7,30366.0
Mexico,7,30639.0
Mexico,7,31119.0
Mexico,7,32014.0
Mexico,7,32796.0
Mexico,7,33526.0
Mexico,7,34191.0
Mexico,7,34730.0
Mexico,7,35006.0
Mexico,7,35491.0
Mexico,7,36327.0
Mexico,7,36906.0
Mexico,7,37574.0
Mexico,7,38310.0
Mexico,7,38888.0
Mexico,7,39184.0
Mexico,7,39485.0
Mexico,7,40400.0
Mexico,7,41190.0
Mexico,7,41908.0
Mexico,7,42645.0
Mexico,7,43374.0
Mexico,7,43680.0
Mexico,7,44022.0
Mexico,7,44876.0
Mexico,7,45361.0
Mexico,7,46000.0
Mexico,7,46688.0
Mexico,8,47472.0
Mexico,8,47746.0
Mexico,8,48012.0
Mexico,8,48869.0
Mexico,8,49698.0
Mexico,8,50517.0
Mexico,8,51311.0
Mexico,8,52006.0
Mexico,8,52298.0
Mexico,8,53003.0
Mexico,8,53929.0
Mexico,8,54666.0
Mexico,8,55293.0
Mexico,8,55908.0
Mexico,8,56543.0
Mexico,8,56757.0
Mexico,8,57023.0
Mexico,8,57774.0
Mexico,8,58481.0
Mexico,8,59106.0
Mexico,8,59610.0
Mexico,8,60254.0
Mexico,8,60480.0
Mexico,8,60800.0
Mexico,8,61450.0
Mexico,8,62076.0
Mexico,8,62594.0
Mexico,8,63146.0
Mexico,8,63819.0
Mexico,8,64158.0
Mexico,8,64414.0
Mexico,9,65241.0
Mexico,9,65816.0
Mexico,9,66329.0
Mexico,9,66851.0
Mexico,9,67326.0
Mexico,9,67558.0
Mexico,9,67781.0
Mexico,9,68484.0
Mexico,9,69049.0
Mexico,9,69649.0
Mexico,9,70183.0
Mexico,9,70604.0
Mexico,9,70821.0
Mexico,9,71049.0
Mexico,9,71678.0
Mexico,9,71978.0
Mexico,9,72179.0
Mexico,9,72803.0
Mexico,9,73258.0
Mexico,9,73493.0
Mexico,9,73697.0
Mexico,9,74348.0
Mexico,9,74949.0
Mexico,9,75439.0
Mexico,9,75844.0
Mexico,9,76243.0
Mexico,9,76430.0
Mexico,9,76603.0
Mexico,9,77163.0
Mexico,9,77646.0
Mexico,10,78078.0
Mexico,10,78492.0
Mexico,10,78880.0
Mexico,10,79088.0
Mexico,10,81877.0
Mexico,10,82348.0
Mexico,10,82726.0
Mexico,10,83096.0
Mexico,10,83497.0
Mexico,10,83642.0
Mexico,10,83781.0
Mexico,10,83945.0
Mexico,10,84420.0
Mexico,10,84898.0
Mexico,10,85285.0
Mexico,10,85704.0
Mexico,10,86059.0
Mexico,10,86167.0
Mexico,10,86338.0
Mexico,10,86893.0
Mexico,10,87415.0
Mexico,10,87415.0
Mexico,10,88312.0
Mexico,10,88743.0
Mexico,10,88924.0
Mexico,10,89171.0
Mexico,10,89814.0
Mexico,10,90309.0
Mexico,10,90773.0
Mexico,10,91289.0
Mexico,10,91753.0
Mexico,11,91895.0
Mexico,11,92100.0
Mexico,11,92593.0
Mexico,11,93228.0
Mexico,11,93772.0
Mexico,11,94323.0
Mexico,11,94808.0
Mexico,11,95027.0
Mexico,11,95225.0
Mexico,11,95842.0
Mexico,11,96430.0
Mexico,11,97056.0
Mexico,11,97624.0
Mexico,11,98259.0
Mexico,11,98542.0
Mexico,11,98861.0
Mexico,11,99026.0
Mexico,11,99528.0
Mexico,11,100104.0
Mexico,11,100823.0
Mexico,11,101373.0
Mexico,11,101676.0
Mexico,11,101926.0
Mexico,11,102739.0
Mexico,11,103597.0
Mexico,11,104242.0
Mexico,11,104873.0
Mexico,11,105459.0
Mexico,11,105655.0
Mexico,11,105940.0
Mexico,12,106765.0
Mexico,12,107565.0
Mexico,12,108173.0
Mexico,12,108863.0
Mexico,12,109456.0
Mexico,12,109717.0
Mexico,12,110074.0
Mexico,12,110874.0
Mexico,12,111655.0
Mexico,12,112326.0
Mexico,12,113019.0
Mexico,12,113704.0
Mexico,12,113953.0
Mexico,12,114298.0
Mexico,12,115099.0
Mexico,12,115769.0
Mexico,12,116487.0
Mexico,12,117249.0
Mexico,12,117876.0
Mexico,12,118202.0
Mexico,12,118598.0
Mexico,12,119495.0
Mexico,12,120311.0
Mexico,12,121172.0
Mexico,12,121837.0
Mexico,12,122026.0
Mexico,12,122426.0
Mexico,12,122855.0
Mexico,12,123845.0
Mexico,12,124897.0
Mexico,12,125807.0
United States,1,
United States,1,
United States,1,
United States,1,
United States,1,
United States,1,
United States,1,
United States,1,
United States,1,
United States,1,
United States,2,
United States,2,
United States,2,
United States,2,
United States,2,
United States,2,
United States,2,
United States,2,
United States,2,
United States,2,
United States,2,
United States,2,
United States,2,
United States,2,
United States,2,
United States,2,
United States,2,
United States,2,
United States,2,
United States,2,
United States,2,
United States,2,
United States,2,
United States,2,
United States,2,
United States,2,
United States,2,
United States,2,
United States,2,1.0
United States,3,1.0
United States,3,6.0
United States,3,7.0
United States,3,11.0
United States,3,12.0
United States,3,14.0
United States,3,17.0
United States,3,21.0
United States,3,22.0
United States,3,28.0
United States,3,33.0
United States,3,43.0
United States,3,51.0
United States,3,58.0
United States,3,70.0
United States,3,97.0
United States,3,134.0
United States,3,194.0
United States,3,266.0
United States,3,372.0
United States,3,475.0
United States,3,596.0
United States,3,788.0
United States,3,1031.0
United States,3,1364.0
United States,3,1783.0
United States,3,2305.0
United States,3,2947.0
United States,3,3571.0
United States,3,4284.0
United States,3,5369.0
United States,4,6652.0
United States,4,8164.0
United States,4,9595.0
United States,4,11158.0
United States,4,12773.0
United States,4,14544.0
United States,4,17119.0
United States,4,19279.0
United States,4,21482.0
United States,4,23676.0
United States,4,25803.0
United States,4,27677.0
United States,4,29686.0
United States,4,32120.0
United States,4,34732.0
United States,4,36875.0
United States,4,38985.0
United States,4,40958.0
United States,4,42929.0
United States,4,45158.0
United States,4,47672.0
United States,4,50132.0
United States,4,52588.0
United States,4,54776.0
United States,4,56487.0
United States,4,57886.0
United States,4,59394.0
United States,4,61618.0
United States,4,64036.0
United States,4,66231.0
United States,5,68140.0
United States,5,69871.0
United States,5,71061.0
United States,5,72440.0
United States,5,74682.0
United States,5,76996.0
United States,5,78925.0
United States,5,80688.0
United States,5,82156.0
United States,5,83134.0
United States,5,84176.0
United States,5,85775.0
United States,5,87502.0
United States,5,89298.0
United States,5,90966.0
United States,5,92164.0
United States,5,92985.0
United States,5,94212.0
United States,5,95668.0
United States,5,97169.0
United States,5,98354.0
United States,5,99571.0
United States,5,100660.0
United States,5,101299.0
United States,5,101891.0
United States,5,102568.0
United States,5,104030.0
United States,5,105131.0
United States,5,106264.0
United States,5,107218.0
United States,5,107833.0
United States,6,108609.0
United States,6,109590.0
United States,6,110600.0
United States,6,111613.0
United States,6,112504.0
United States,6,113146.0
United States,6,113605.0
United States,6,114112.0
United States,6,115025.0
United States,6,115901.0
United States,6,116731.0
United States,6,117560.0
United States,6,118295.0
United States,6,118640.0
United States,6,119036.0
United States,6,119850.0
United States,6,120589.0
United States,6,121278.0
United States,6,121907.0
United States,6,122466.0
United States,6,122783.0
United States,6,123190.0
United States,6,123938.0
United States,6,124675.0
United States,6,125212.0
United States,6,125841.0
United States,6,126344.0
United States,6,126662.0
United States,6,127047.0
United States,6,127600.0
United States,7,128304.0
United States,7,129017.0
United States,7,129687.0
United States,7,130002.0
United States,7,130328.0
United States,7,130704.0
United States,7,131866.0
United States,7,132691.0
United States,7,133711.0
United States,7,134528.0
United States,7,135256.0
United States,7,135728.0
United States,7,136173.0
United States,7,137101.0
United States,7,138076.0
United States,7,139032.0
United States,7,139956.0
United States,7,140813.0
United States,7,141293.0
United States,7,141856.0
United States,7,142947.0
United States,7,144171.0
United States,7,145241.0
United States,7,146348.0
United States,7,147278.0
United States,7,147809.0
United States,7,148935.0
United States,7,150265.0
United States,7,151679.0
United States,7,152910.0
United States,7,154147.0
United States,8,155240.0
United States,8,155677.0
United States,8,156258.0
United States,8,157540.0
United States,8,158978.0
United States,8,160222.0
United States,8,161459.0
United States,8,162537.0
United States,8,163060.0
United States,8,163696.0
United States,8,164716.0
United States,8,166215.0
United States,8,167282.0
United States,8,168618.0
United States,8,169618.0
United States,8,170235.0
United States,8,170727.0
United States,8,171953.0
United States,8,173292.0
United States,8,174395.0
United States,8,175486.0
United States,8,176395.0
United States,8,176940.0
United States,8,177413.0
United States,8,178649.0
United States,8,179815.0
United States,8,180929.0
United States,8,181906.0
United States,8,182807.0
United States,8,183260.0
United States,8,183802.0
United States,9,184832.0
United States,9,185911.0
United States,9,186948.0
United States,9,187906.0
United States,9,188668.0
United States,9,189137.0
United States,9,189432.0
United States,9,189885.0
United States,9,191045.0
United States,9,191961.0
United States,9,193135.0
United States,9,193837.0
United States,9,194272.0
United States,9,194703.0
United States,9,195903.0
United States,9,196859.0
United States,9,197720.0
United States,9,198616.0
United States,9,199348.0
United States,9,199613.0
United States,9,200040.0
United States,9,201072.0
United States,9,202128.0
United States,9,203025.0
United States,9,203969.0
United States,9,204737.0
United States,9,205052.0
United States,9,205410.0
United States,9,206243.0
United States,9,207201.0
United States,10,208074.0
United States,10,208934.0
United States,10,209617.0
United States,10,209998.0
United States,10,210479.0
United States,10,211165.0
United States,10,212092.0
United States,10,213081.0
United States,10,214049.0
United States,10,214707.0
United States,10,215178.0
United States,10,215572.0
United States,10,216368.0
United States,10,217358.0
United States,10,218207.0
United States,10,219144.0
United States,10,219906.0
United States,10,220399.0
United States,10,220878.0
United States,10,221801.0
United States,10,222922.0
United States,10,223837.0
United States,10,224804.0
United States,10,225755.0
United States,10,226217.0
United States,10,226750.0
United States,10,227723.0
United States,10,228758.0
United States,10,229762.0
United States,10,230823.0
United States,10,231733.0
United States,11,232229.0
United States,11,232801.0
United States,11,234379.0
United States,11,235494.0
United States,11,236649.0
United States,11,237888.0
United States,11,238969.0
United States,11,239540.0
United States,11,240319.0
United States,11,241737.0
United States,11,243173.0
United States,11,244377.0
United States,11,245577.0
United States,11,246924.0
United States,11,247700.0
United States,11,248529.0
United States,11,250250.0
United States,11,252168.0
United States,11,254220.0
United States,11,256177.0
United States,11,257796.0
United States,11,258828.0
United States,11,259928.0
United States,11,262057.0
United States,11,264320.0
United States,11,265705.0
United States,11,267254.0
United States,11,268614.0
United States,11,269650.0
United States,11,270996.0
United States,12,273540.0
United States,12,276352.0
United States,12,279305.0
United States,12,282004.0
United States,12,284357.0
United States,12,285703.0
United States,12,287307.0
United States,12,289926.0
United States,12,293108.0
United States,12,296103.0
United States,12,299520.0
United States,12,301979.0
United States,12,303605.0
United States,12,305255.0
United States,12,308372.0
United States,12,312036.0
United States,12,315535.0
United States,12,318500.0
United States,12,321153.0
United States,12,322867.0
United States,12,324783.0
United States,12,328182.0
United States,12,331606.0
United States,12,334512.0
United States,12,335937.0
United States,12,337821.0
United States,12,339248.0
United States,12,341251.0
United States,12,344882.0
United States,12,348613.0
United States,12,352093.0
